InvoiceNo,StockCode,Description,Quantity,InvoiceDate,UnitPrice,CustomerID,Country
536370,10002,INFLATABLE POLITICAL GLOBE ,48,12/1/2010 8:45,0.85,12583,France
536370,21791,VINTAGE HEADS AND TAILS CARD GAME ,24,12/1/2010 8:45,1.25,12583,France
536370,21035,SET/2 RED RETROSPOT TEA TOWELS ,18,12/1/2010 8:45,2.95,12583,France
536370,22326,ROUND SNACK BOXES SET OF4 WOODLAND ,24,12/1/2010 8:45,2.95,12583,France
536370,22629,SPACEBOY LUNCH BOX ,24,12/1/2010 8:45,1.95,12583,France
536370,22659,LUNCH BOX I LOVE LONDON,24,12/1/2010 8:45,1.95,12583,France
536370,22544,MINI JIGSAW SPACEBOY,24,12/1/2010 8:45,0.42,12583,France
